編號,名稱,地區,類型,地區/大樓,地址,緯度,經度,營業時間,評分,每人價位,GoogleMaps連結,核實日期
1,MERCY Vegan Factory,大阪,全素 Vegan｜烘焙坊・咖啡廳,谷町九丁目・中央區,大阪市中央区瓦屋町 2-4-15,34.670015,135.513484,早餐 8:00-10:30　午餐 10:30-17:00（LO16:00） / 晚餐 18:00-21:00（LO20:00）　週六公休,4.9,"約 ¥1,500／午・¥2,000／晚（每人）","https://www.google.com/maps/search/?api=1&query=34.670015,135.513484",2026-06-28
2,TW Vegan Night Market,大阪,全素 Vegan｜台灣料理・自助餐,天王寺・西成區,大阪市西成区山王 1-1-10 天王寺公園ヴィラ 105号,34.64824,135.507634,※請查 Instagram / Google Maps 確認最新時間,4.7,"約 ¥2,000–2,700／人（秤重自助）","https://www.google.com/maps/search/?api=1&query=34.64824,135.507634",2026-06-28
3,Unique (V) Pizzeria SUKHASANA,大阪,全素 Vegan｜義式料理,松屋町・中央區,大阪市中央区松屋町住吉 5-24 ハイツ澤 1F,34.679003,135.511812,11:30-14:30　17:30-22:00　週二公休,4.8,"約 ¥1,800–2,500／人","https://www.google.com/maps/search/?api=1&query=34.679003,135.511812",2026-07-14
4,Shojin Sushi Minamo 精進寿司みなも,大阪,全素+無麩質 Vegan & GF｜壽司,心齋橋・中央區,大阪市中央区西心斎橋 1-10-4 Ace Building B1F,34.67398,135.499325,週五至週二 17:30-21:00（LO）　週三・四公休,4.9,"約 ¥2,800–4,000／人（套餐 ¥2,780・建議預約）","https://www.google.com/maps/search/?api=1&query=34.67398,135.499325",2026-07-14
5,Folksaka,大阪,全素+無麩質 Vegan & GF｜烘焙坊,大阪市北部,（請查 Google Maps 確認地址）,34.695223,135.488093,請查 Google Maps 確認最新時間,5.0,"約 ¥1,500–2,500／人","https://www.google.com/maps/search/?api=1&query=34.695223,135.488093",2026-06-28
6,Rocca,大阪,全素 Vegan｜日本料理・有機・宏觀生物,東住吉（Higashisumiyoshi）,大阪市東住吉区田辺 3-26-5,34.623617,135.523797,請查 Facebook / Google Maps 確認（不定期）,4.7,"約 ¥1,300／人（午晚套餐）","https://www.google.com/maps/search/?api=1&query=34.623617,135.523797",2026-06-28
7,Brown Rice Sushi TEC 玄米のおすしテック,大阪,全素+無麩質 Vegan & GF｜壽司・外帶・外送,新大阪（Shin-Osaka）・淀川區,大阪市淀川区西中島 6-8-23 B Plus Building 102,34.728088,135.494912,請查官網 genmaisushi.jp 或 Uber Eats 確認,4.8,"約 ¥800–1,500／人（外帶・玄米丼 ¥780 起）","https://www.google.com/maps/search/?api=1&query=34.728088,135.494912",2026-06-28
8,OKO Takoyaki,大阪,全素+無麩質 Vegan & GF｜章魚燒・炸串,心齋橋（Shinsaibashi）・中央區,大阪市中央区東心斎橋 1-13-9 2F,34.672548,135.503439,每日 17:45-23:00,4.6,"約 ¥1,500–2,000／人","https://www.google.com/maps/search/?api=1&query=34.672548,135.503439",2026-07-14
9,Green Earth,大阪,全素 Vegan｜日本料理・義式・西洋料理,本町（Honmachi）・中央區,大阪市中央区北久宝寺町 4-2-2 久宝ビル 1F,34.67979,135.49928,週一至六 11:30-17:00（LO16:30）　週日・假日公休,4.5,"約 ¥1,000–1,300／人（午套餐 ¥1,100）","https://www.google.com/maps/search/?api=1&query=34.67979,135.49928",2026-06-28
10,Neu Cat Cafe（shelter cat & VEGAN café neu）,大阪,全素 Vegan｜貓咖啡廳・日式家常菜,谷町（Tanimachi）・中央區,大阪市中央区谷町 6-17-5,34.674764,135.513591,平日 13:00-21:00　週末 12:00-20:00　週三公休 / （週末供應餐點，平日僅供應飲品）,4.6,"入場 ¥1,800／時（會員 ¥1,500）＋餐飲另計","https://www.google.com/maps/search/?api=1&query=34.674764,135.513591",2026-06-28
11,Shinsekai Paprika Shokudo Vegan 新世界パプリカ食堂,大阪,全素+無麩質 Vegan & GF｜大阪B級美食,新世界（Shinsekai）・浪速區・通天閣旁,大阪市浪速区恵比寿東 3-4-5（じゃんじゃん横丁の奥）,34.6515,135.5065,12:00-14:30　17:30-21:00　週三公休（另有不定期休）,4.5,"約 ¥1,500–2,500／人","https://www.google.com/maps/search/?api=1&query=34.6515,135.5065",2026-06-28
12,The Fire Bar（The Fire Vegan Ramen Bar）,大阪,全素 Vegan｜拉麵吧・調酒,心齋橋（Shinsaibashi）・中央區,大阪市中央区西心斎橋 2-9-36 Casadomart Building 2F,34.6698,135.4985,11:30-15:00　20:00-02:00（翌日）　週一公休,4.6,"約 ¥1,000–1,500／人","https://www.google.com/maps/search/?api=1&query=34.6698,135.4985",2026-07-14
13,Pivot BASE Cafe & Bar @Dotonbori,大阪,全素 Vegan｜大阪B級美食・咖啡・酒吧,道頓堀（Dotonbori）・中央區,大阪市中央区道頓堀 1-7-21（喰い倒れビル 1F）,34.6692,135.5024,每日 11:30-22:30,4.4,"約 ¥1,500–2,500／人","https://www.google.com/maps/search/?api=1&query=34.6692,135.5024",2026-06-28
14,Koisus Vegan Curry & Tempura（梅田店）,大阪,全素 Vegan｜咖哩・天婦羅,中崎町（Nakazakicho）・北區,大阪市北区中崎西（近中崎町站，詳見 Tabelog）,34.7040,135.5080,請查 Tabelog 或 Google Maps 確認（週三公休）,4.5,"約 ¥1,300–1,800／人","https://www.google.com/maps/search/?api=1&query=34.7040,135.5080",2026-06-28
15,Vegan & GF Osaka — The Second Room Cafe,大阪,全素+無麩質 Vegan & GF｜咖啡廳,梅田（Umeda）・北區（大阪駅前第4ビル地下）,大阪市北区梅田 1-11-4 大阪駅前第4ビル B1F-14号,34.6996,135.4963,11:00-22:00（LO21:30）　週三公休　1/1-1/3 公休,4.7,"約 ¥1,500–2,500／人","https://www.google.com/maps/search/?api=1&query=34.6996,135.4963",2026-06-28
16,Taiwan Rakuzen 台湾ベジキッチン楽膳,大阪,全素 Vegan｜台灣料理・便當・外送,東三国（Higashimikuni）・淀川區,近 Higashimikuni Station（步行1分鐘）,34.7400,135.4980,週三至日 11:30-15:00　17:00-21:00（晚餐需預約）　週一・二公休,4.8,"約 ¥1,000–2,000／人（便當 ¥864 起）","https://www.google.com/maps/search/?api=1&query=34.7400,135.4980",2026-06-28
17,HI-RI-N 飛輪,大阪,素食 Vegetarian（含蛋奶）,大阪市,請查 HappyCow / Google Maps 確認,34.6750,135.5050,請查 Google Maps 確認,4.7,"約 ¥1,600–2,000／人（建議預約）","https://www.google.com/maps/search/?api=1&query=34.6750,135.5050",2026-06-28
18,Ramen Kiou ラーメン貴王（JR 新大阪站）,大阪,部分素食 Veg-options｜拉麵,新大阪站（Shin-Osaka）・淀川區,JR 新大阪站內（月台附近）,34.7332,135.5000,依車站營業時間,4.2,"約 ¥1,000–1,500／人","https://www.google.com/maps/search/?api=1&query=34.7332,135.5000",2026-06-28
19,Sawa,大阪,部分素食 Veg-options,大阪市,請查 HappyCow / Google Maps 確認,34.6730,135.5100,請查 Google Maps 確認,4.3,"約 ¥1,000–2,000／人","https://www.google.com/maps/search/?api=1&query=34.6730,135.5100",2026-06-28
20,Asakara Good Store,大阪,部分素食 Veg-options,大阪市,請查 HappyCow / Google Maps 確認,34.6760,135.5080,請查 Google Maps 確認,4.3,"約 ¥1,000–2,000／人","https://www.google.com/maps/search/?api=1&query=34.6760,135.5080",2026-06-28
21,W Holistic Cafe,大阪,部分素食 Veg-options｜健康餐廳,大阪市,請查 HappyCow / Google Maps 確認,34.6770,135.5030,請查 Google Maps 確認,4.4,"約 ¥2,000–3,000／人","https://www.google.com/maps/search/?api=1&query=34.6770,135.5030",2026-06-28
22,Sasanohapan,大阪,素食烘焙坊 Vegetarian Bakery,大阪市,請查 HappyCow / Google Maps 確認,34.6780,135.5140,請查 Google Maps 確認,4.3,"約 ¥500–1,500／人（依採購）","https://www.google.com/maps/search/?api=1&query=34.6780,135.5140",2026-06-28
23,Kirschblute キルシュブルーテ,大阪,素食烘焙坊 Vegetarian Bakery,大阪市,請查 HappyCow / Google Maps 確認,34.6800,135.5060,請查 Google Maps 確認,4.2,"約 ¥800–1,500／人（依採購）","https://www.google.com/maps/search/?api=1&query=34.6800,135.5060",2026-06-28
24,Ododo Falafel Sandwich おどどファラフェル,大阪,部分素食 Veg-options｜中東料理,大阪市,請查 HappyCow / Google Maps 確認,34.6790,135.5020,請查 Google Maps 確認,4.3,"約 ¥870–1,300／人","https://www.google.com/maps/search/?api=1&query=34.6790,135.5020",2026-06-28
25,Life Shimodera ライフ下寺店,大阪,健康食品店 Health Store,難波（Namba）附近・浪速區,請查 HappyCow / Google Maps 確認,34.6560,135.5100,請查 Google Maps 確認,4.0,超市・依採購,"https://www.google.com/maps/search/?api=1&query=34.6560,135.5100",2026-06-28
26,Halal Ramen Naniwaya 浪速屋,大阪,拉麵｜清真 Halal（含蔬食拉麵）,西心齋橋・中央區（獨立店面・御堂筋ドンキ後方）,大阪市中央区西心斎橋 2-7-22,34.66966,135.49817,平日 12:00-15:00 / 18:00-22:00（LO21:30） / 週六日假日 12:00-22:00（LO21:30）,"4.6 ★（約 5,963 則）","約 ¥900–1,500／人","https://www.google.com/maps/search/?api=1&query=34.66966,135.49817",2026-06-29
27,CHIBO Diversity 道頓堀（素食友善店）,大阪,大阪燒｜素食/純素・無五辛・無麩質・清真,千房道頓堀ビル 7F・道頓堀,大阪市中央区道頓堀 1-5-5 千房道頓堀ビル 7F,34.66886,135.50391,週日-三・五六 12:00-15:00 / 17:00-22:00 / 週四 17:00-24:00（LO 打烊前 1 小時）,4.0 ★（約 156 則）,"約 ¥1,500–3,000／人","https://www.google.com/maps/search/?api=1&query=34.66886,135.50391",2026-06-29
28,Hana-Goyomi 花暦（飯店內 10F）,大阪,日本料理｜懷石・壽司・天婦羅（有素食菜單）,Swissôtel 南海大阪 10F・難波,大阪市中央区難波 5-1-60 スイスホテル南海大阪 10F,34.66237,135.50183,午餐 11:30-15:00（週末假日 11:00-） / 晚餐 17:30-21:00（週五六及假日前 -21:30）,3.9 ★｜食べログ 3.32,"午 ¥5,000–7,000／晚 ¥11,000 起／人（需預約）","https://www.google.com/maps/search/?api=1&query=34.66237,135.50183",2026-06-29
29,Paprika Shokudo Vegan 本店（新町）,大阪,全素 Vegan｜日式蔬食・可外帶,アリビオ新町 1F・西區新町（四ツ橋）,大阪市西区新町 1-9-9 アリビオ新町 1F,34.67728,135.49645,11:30-15:00（餐 LO14:00）/ 17:30-21:00（餐 LO20:00） / 週三公休＋不定休,"4.6 ★（約 1,201 則）","午 ¥1,650–1,950／晚約 ¥3,000／人","https://www.google.com/maps/search/?api=1&query=34.67728,135.49645",2026-06-29
30,AEON Food Style 東心斎橋店,大阪,超市｜24 小時・免稅,東心齋橋・中央區（獨立超市・原 foodium）,大阪市中央区東心斎橋 1-5-9,34.67216,135.50592,24 小時營業・全年無休,查無（參考 Yahoo 3.79・193 則）,超市・依採購,"https://www.google.com/maps/search/?api=1&query=34.67216,135.50592",2026-07-14
31,Ikari Super 南海なんば店,大阪,超市｜高級進口超市,なんばスカイオ 3F・難波（南海難波站直結）,大阪市中央区難波 5-1-60 なんばスカイオ 3F,34.66385,135.50086,平日 10:00-22:00｜週日假日 10:00-21:00,查無（參考 Yahoo 3.98・202 則）,超市・依採購,"https://www.google.com/maps/search/?api=1&query=34.66385,135.50086",2026-06-29
32,Takashimaya 高島屋大阪店（難波ダイニングメゾン）,大阪,百貨美食街｜デパ地下＋餐廳樓層,高島屋大阪店・難波（南海/御堂筋難波站直結）,大阪市中央区難波 5-1-5,34.66466,135.50089,本館 10:00-20:00｜餐廳 7-9F 11:00-23:00｜1/1・1/2 公休,查無（參考 Yahoo 4.36・738 則）,"餐廳樓層 約 ¥1,500–3,000／B1 外帶 ¥500–1,500","https://www.google.com/maps/search/?api=1&query=34.66466,135.50089",2026-07-12
33,Life セントラルスクエアなんば店,大阪,超市｜JR難波/OCAT 旁,セントラルスクエアなんば・浪速區,大阪市浪速区湊町 1-2-3,34.66661,135.49609,每日 9:00-24:00（麵包坊 08:00 起）,查無（參考 Yahoo 3.94・795 則）,超市・依採購,"https://www.google.com/maps/search/?api=1&query=34.66661,135.49609",2026-06-29
34,Daimaru 大丸心斎橋店（本館）,大阪,百貨｜デパ地下美食・餐廳樓層,大丸心斎橋店 本館・心齋橋（御堂筋線直結）,大阪市中央区心斎橋筋 1-7-1,34.67392,135.50096,本館 10:00-20:00｜B2 心斎橋フードホール 11:00-22:00｜10F 餐廳 11:00-22:00,約 4.0,"10F 餐廳 約 ¥2,000–4,000／B1-B2 甜點/外帶 ¥300–2,000","https://www.google.com/maps/search/?api=1&query=34.67392,135.50096",2026-07-14
35,Teppanyaki Minami 鉄板焼みなみ（飯店內 10F）,大阪,鐵板燒（有素食菜單）,Swissôtel 南海大阪 10F・難波,大阪市中央区難波 5-1-60 スイスホテル南海大阪 10F,34.66237,135.50183,午餐 11:30-15:00（週末假日 11:00-） / 晚餐 17:30-21:00（週五六及假日前 -21:30）,食べログ 3.31（TripAdvisor 3.9）,"午約 ¥9,000／晚約 ¥15,000／人（需預約）","https://www.google.com/maps/search/?api=1&query=34.66237,135.50183",2026-06-29
36,SH'UN Wine & Dine（飯店內 6F）,大阪,餐酒館｜串炸・日式小盤（有素食套餐）,Swissôtel 南海大阪 6F・難波,大阪市中央区難波 5-1-60 スイスホテル南海大阪 6F,34.66237,135.50183,午餐（三-日）11:30-15:00 / 晚餐（三四日）17:30-21:00、（五六）-22:30｜週一二公休,查無（飯店餐廳）,"午 ¥5,500 起／晚 ¥8,500–12,500／人","https://www.google.com/maps/search/?api=1&query=34.66237,135.50183",2026-06-29
37,Table36（飯店內 36F 天空餐廳）,大阪,自助餐｜36F 天空・歐陸料理（有素食選項）,Swissôtel 南海大阪 36F・難波,大阪市中央区難波 5-1-60 スイスホテル南海大阪 36F,34.66237,135.50183,早餐 6:30-10:30｜午餐 11:30-15:00 / 晚餐 18:00-23:30（週五六 -24:30）,4.2 ★（約 667 則）,"午自助 ¥5,900／週末早午餐 ¥6,900／人","https://www.google.com/maps/search/?api=1&query=34.66237,135.50183",2026-06-29
38,Naki Vegan Sweets,大阪,純素 Vegan｜咖啡・甜點・烘焙,難波・中央區（獨立小店・約 4 席）,大阪市中央区難波 1-5-5,34.66751,135.50222,13:00-21:00；週三公休,HappyCow 4.5（53 則）,"約 ¥800–1,500／人（甜點＋飲品）","https://www.google.com/maps/search/?api=1&query=34.66751,135.50222",2026-06-30
39,Vegan Cafe Tsukineko,大阪,純素 Vegan｜咖啡・輕食,難波・浪速區（エベンエゼルビル 1F・7 席）,大阪市浪速区難波中 1-14-12 エベンエゼルビル 1F,34.66301,135.49951,平日 11:00-19:00／週末 10:00-19:00（建議查 IG）,Tripadvisor 5.0（HappyCow 65 則）,"約 ¥1,000–2,000／人","https://www.google.com/maps/search/?api=1&query=34.66301,135.49951",2026-06-30
40,Vegan Ramen by Playpen Friends,大阪,純素 Vegan｜拉麵,北堀江・西區（大樓 2F・近四橋/心齋橋）,大阪市西区北堀江 1-14-20 2F,34.67326,135.49440,週一 12:00-20:00；週二三・週五~日 11:30-22:00；週四公休,HappyCow 4.5（90 則）,"約 ¥1,200–1,800／人","https://www.google.com/maps/search/?api=1&query=34.67326,135.49440",2026-06-30
41,Re-Public by Base Island Kitchen,大阪,蔬食友善｜日式 × 牙買加無麩質 Tapas,北堀江・西區（獨立小店・四橋站 2 分）,大阪市西区北堀江 1-16-27,34.67403,135.49525,週三四 11:00-18:00／週五 11:00-20:00／週六日 12:00-18:00；週一二公休,4.6 ★（約 68 則）,"約 ¥900–1,500／人","https://www.google.com/maps/search/?api=1&query=34.67403,135.49525",2026-06-30
42,Shama Vegetarian Indian（北堀江）,大阪,蔬食友善｜印度素食,北堀江・西區（倉商ビル B1F・四橋站 6 號出口）,大阪市西区北堀江 1-3-7 倉商ビル B1F,34.67273,135.49644,週二-日 11:00-15:00 / 17:00-22:00；週一僅 11:00-15:00,Tabelog 3.20／TripAdvisor 4.5,"午 ¥650–970／晚套餐 ¥1,800 起","https://www.google.com/maps/search/?api=1&query=34.67273,135.49644",2026-06-30
43,Smile Kitchen（立売堀）,大阪,蔬食友善｜印度・尼泊爾料理,立売堀・西區（大樓 2F・本町站 22-23 出口）,大阪市西区立売堀 1-6-2 2F,34.68022,135.49670,週一-六 11:00-15:00 / 17:00-23:00；週日公休,Tabelog 3.09／TripAdvisor 4.1,"約 ¥1,000–2,000／人","https://www.google.com/maps/search/?api=1&query=34.68022,135.49670",2026-06-30
44,Hana no Ki 花の木（黑門市場）,大阪,蔬食友善｜大阪鐵板燒（大阪燒/炒麵）,日本橋・中央區（黑門市場內）,大阪市中央区日本橋 1-21-33,34.66624,135.50685,週一-六 10:30-18:00；週日及國定假日公休,3.9 ★（97 則）,"約 ¥1,000–2,000／人","https://www.google.com/maps/search/?api=1&query=34.66624,135.50685",2026-06-30
45,Cosme Kitchen Adaptation 阪神梅田,大阪,蔬食友善｜自然系咖啡餐廳,梅田・北區（阪神百貨梅田本店 3F）,大阪市北区梅田 1-13-13 阪神百貨店梅田本店 3F,34.70116,135.49861,每日 10:00-20:00（LO 19:30），公休依百貨,Tabelog 3.48／Yahoo 4.04,"約 ¥2,000–3,000／人","https://www.google.com/maps/search/?api=1&query=34.70116,135.49861",2026-06-30
46,natural kitchen めだか 2号店,大阪,蔬食友善｜玄米自然食・マクロビ,兎我野町・北區（雁木ビル 1F・東梅田/お初天神）,大阪市北区兎我野町 3-20 雁木ビル 1F,34.70103,135.50564,平日 11:00-20:30；週末假日 11:00-20:00（不定休）,LINE PLACE 4.2,"午約 ¥1,000–1,500／人","https://www.google.com/maps/search/?api=1&query=34.70103,135.50564",2026-06-30
47,Mealthy メルシー（福島）,大阪,蔬食友善｜健康定食・拼盤,福島・福島區（アイミーハウス 1F・福島站）,大阪市福島区福島 6-8-21 アイミーハウス 1F,34.69944,135.48813,平日 11:00-14:30 / 17:00-20:00；週末假日原則公休（每月 1-2 次特別營業，依 IG）,Tabelog 3.26（42 則）,"約 ¥1,000–2,000／人（定食約 ¥1,300）","https://www.google.com/maps/search/?api=1&query=34.69944,135.48813",2026-06-30
48,bee9 cafe & studio,大阪,純素 Vegan｜咖啡 & studio,松ケ枝町・北區（グロウビル 1F・南森町/天滿宮）,大阪市北区松ケ枝町 6-1 グロウビル 1F,34.69840,135.51547,週二-四 11:00-17:00；週五六 11:00-17:00 / 18:00-23:00（Bar）；週一日公休,Tabelog 3.12（26 則）,"約 ¥1,000–2,000／人（Buddha Bowl 約 ¥1,800）","https://www.google.com/maps/search/?api=1&query=34.69840,135.51547",2026-06-30
49,Canelita Sweets（南堀江）,大阪,純素 Vegan｜甜點（甜甜圈/蛋糕）,南堀江・西區（獨立店面・近美國村/四橋）,大阪市西区南堀江 1-14-22,34.67179,135.49440,11:00-19:00（售完為止）；週一公休,Tabelog 3.30／HappyCow 4.5,"人均 ¥800–1,500（甜點 ¥380–500）","https://www.google.com/maps/search/?api=1&query=34.67179,135.49440",2026-06-30
50,Sari Sari Store（by Cocowell）,大阪,純素 Vegan｜椰子冰淇淋・咖啡,幸町・浪速區（ココウェル本社 1F・近桜川站）,大阪市浪速区幸町 2-2-2 ココウェル本社 1F,34.66901,135.49175,9:00-19:00（LO 18:30）；週三公休,HappyCow 4.0（12 則）,約 ¥600–900／人,"https://www.google.com/maps/search/?api=1&query=34.66901,135.49175",2026-06-30
51,素食 江南（日本橋）,大阪,蔬食友善｜中華料理,日本橋・中央區（日本橋ビル38番街 2F）,大阪市中央区日本橋 1-3-7 日本橋ビル38番街 2F,34.66740,135.50585,11:30-15:00 / 17:30-22:30，年中無休,HappyCow 4.0（18 則）,"午 ¥1,000–1,500／晚 ¥2,000–3,000／人","https://www.google.com/maps/search/?api=1&query=34.66740,135.50585",2026-06-30
52,OKO – Fun Okonomiyaki Bar,大阪,純素 Vegan・無麩質｜大阪燒居酒屋,難波・西心齋橋・中央區（獨立店面）,大阪市中央区西心斎橋（近難波）,34.66878,135.49815,18:00-24:00（售完為止）；公休查 IG,HappyCow 4.0（334 則）,"約 ¥1,500–2,500／人","https://www.google.com/maps/search/?api=1&query=34.66878,135.49815",2026-07-14
53,Matsuri 松（three-peace）,大阪,蔬食友善｜純素大阪燒・鐵板,福島區・吉野（獨立店面）,大阪市福島区吉野 3-27-17,34.69280,135.47440,週一二・週五六日 11:00-14:00 / 17:00-21:00；週三四公休,HappyCow 3.5（44 則）,"約 ¥2,000–2,700／人","https://www.google.com/maps/search/?api=1&query=34.69280,135.47440",2026-07-03
54,Avocados Mexican Cafe,大阪,蔬食友善｜墨西哥料理,中央區・上町（マルソウアパレル 1F・谷町六丁目）,大阪市中央区上町 1-1-22,34.67810,135.52559,週一四日 10:30-17:00；週二三五六 10:30-21:00,HappyCow 4.0（6 則）,"約 ¥1,200–2,000／人","https://www.google.com/maps/search/?api=1&query=34.67810,135.52559",2026-07-03
55,Greens Vegetarian Dishes,大阪,蔬食｜日式自助餐 buffet,港區・築港（近大阪港站/海遊館・獨立店面）,大阪市港区築港 3-10-7,34.65644,135.43191,週一-五 12:00-14:00（僅午餐）；國定假日公休,HappyCow 4.5（26 則）,"¥850–1,100／人（吃到飽）","https://www.google.com/maps/search/?api=1&query=34.65644,135.43191",2026-07-03
56,Gyozaoh! 餃子王 道頓堀本店,大阪,蔬食友善｜餃子居酒屋,道頓堀・中央區（難波站步行 3 分）,大阪市中央区道頓堀 1-9-9,34.66860,135.50150,每日 17:00-23:00,Tabelog 登錄（查無 Google）,"約 ¥1,500–2,500／人","https://www.google.com/maps/search/?api=1&query=34.66860,135.50150",2026-07-03
57,Nanahako 七箱（純素甜點）,大阪,純素 Vegan・長壽飲食｜甜點,中央區・大手通（Musubi Garden 自然食品店內・谷町四丁目）,大阪市中央区大手通 2-2-7,34.68450,135.51700,週一-六 10:00-19:00；週日 10:00-18:00,專文推薦（查無 Google）,約 ¥400–800／件,"https://www.google.com/maps/search/?api=1&query=34.68450,135.51700",2026-07-03
58,Mauloa Acai and Cafe,大阪,蔬食友善｜巴西莓 açaí 咖啡,北區・大淀南（梅田 Sky Building 旁・獨立店面）,大阪市北区大淀南 1-3-19,34.70520,135.49050,週二-日 11:30-19:00（採預約制）；週一公休,HappyCow/Tabelog（查無 Google）,"約 ¥1,000–1,600／人","https://www.google.com/maps/search/?api=1&query=34.70520,135.49050",2026-07-03
59,VeganCafe sister,大阪,純素 Vegan｜甜點咖啡,中央區・博労町（浪速ビル 102・近本町/堺筋本町）,大阪市中央区博労町 1-5-15 浪速ビル 102,34.68050,135.50600,營業時間不定（每月更換甜點，請查 FB/IG）,專文推薦（查無 Google）,約 ¥500–900／件,"https://www.google.com/maps/search/?api=1&query=34.68050,135.50600",2026-07-03
60,Coconut Glen's 北浜,大阪,純素 Vegan｜夏威夷椰子冰淇淋,中央區・安土町（北浜/堺筋本町・獨立店面）,大阪市中央区安土町 1-4-5,34.68520,135.50400,請查官網/IG（建議先確認）,Vegewel 推薦（查無 Google）,約 ¥600–900／份,"https://www.google.com/maps/search/?api=1&query=34.68520,135.50400",2026-07-03
61,天龍寺 篩月 Shigetsu,京都,精進料理｜全素 Vegan,嵐山・右京區（天龍寺境內・世界遺產）,京都市右京区嵯峨天龍寺芒ノ馬場町 68,35.01560,135.67350,11:00-14:00（LO）；另付庭園入園料 ¥500,米其林 2026 Bib＋綠星,"約 ¥3,300–8,000／人（雪3300/月5500/花8000）","https://www.google.com/maps/search/?api=1&query=35.01560,135.67350",2026-07-14
62,泉仙 大慈院店 Izusen,京都,精進料理（鐵鉢料理）｜全素 Vegan,紫野・北區（大德寺 大慈院內）,京都市北区紫野大徳寺町 4 大慈院内,35.04380,135.74560,11:00-16:00（LO）,精進料理名店（Tabelog）,"約 ¥3,800–6,500／人","https://www.google.com/maps/search/?api=1&query=35.04380,135.74560",2026-07-14
63,精進料理 阿じろ 本店 Ajiro,京都,精進料理｜全素 Vegan,花園・右京區（妙心寺門前・獨立店面）,京都市右京区花園寺ノ中町 28,35.02350,135.72100,約 11:00-19:00（多為預約制）,昭和 37 年老店（Tabelog）,"約 ¥4,000–8,000／人","https://www.google.com/maps/search/?api=1&query=35.02350,135.72100",2026-07-14
64,松籟庵 Shoraian,京都,豆腐懷石｜蔬食友善,嵐山・右京區（渡月橋上游・獨立店面）,京都市右京区嵯峨亀ノ尾町官有地内,35.01000,135.67060,週一-四 11:00-17:00；週五-日假日 11:00-20:00；週三公休（紅葉季除外）,嵐山豆腐懷石（官網）,"約 ¥4,000–10,000／人","https://www.google.com/maps/search/?api=1&query=35.01000,135.67060",2026-07-14
65,Choice,京都,純素 Vegan・無麩質｜咖啡・鬆餅,三條・東山區（三条京阪・鈴木形成外科ビル 1F）,京都市東山区大橋町 89-1 鈴木形成外科ビル 1F,35.00920,135.77340,9:30-21:00（LO 20:00）；週三公休,HappyCow 高評（查無 Google）,"約 ¥1,500–2,500／人","https://www.google.com/maps/search/?api=1&query=35.00920,135.77340",2026-07-14
66,mumokuteki cafe Kyoto,京都,純素 Vegan｜咖啡・定食,寺町・中京區（四条河原町・ヒューマンフォーラムビル 2F）,京都市中京区伊勢屋町 351 ヒューマンフォーラムビル 2F,35.00560,135.76650,11:30-20:00（LO 19:00）；週三公休,人氣純素定食（查無 Google）,"約 ¥1,300–2,000／人","https://www.google.com/maps/search/?api=1&query=35.00560,135.76650",2026-07-14
67,Veg Out,京都,純素 Vegan｜咖啡・早午餐,七條・下京區（鴨川沿・鴨川ビル 1F）,京都市下京区七条通加茂川筋西入ル稲荷町 448 鴨川ビル 1F,34.99230,135.76870,早餐 9:00-10:30 LO／午餐 11:30-15:00／咖啡 -18:00（LO 17:00）,"IG 8,200 追蹤（查無 Google）","約 ¥1,200–2,000／人","https://www.google.com/maps/search/?api=1&query=34.99230,135.76870",2026-07-14
68,Ain Soph. Journey Kyoto,京都,純素 Vegan｜咖啡・漢堡・甜點,河原町・中京區（新京極・獨立店面）,京都市中京区新京極通四条上ル中之町 538-6,35.00420,135.76740,約 11:30-20:00（晚間常不定休，建議看 IG/電話確認）,AIN SOPH 集團（查無 Google）,"約 ¥1,500–2,500／人","https://www.google.com/maps/search/?api=1&query=35.00420,135.76740",2026-07-14
70,VOG Kyoto（Vegan Indian）,京都,純素 Vegan・無麩質｜印度料理,河原町・中京區（四条河原町徒步圈）,京都市中京区（四条河原町 downtown，建議 Google 定位）,35.00450,135.76800,週一-四 12:00-15:30 / 17:30-22:30；週六日 11:30-15:30 / 17:30-22:30；週一公休,Tripadvisor 2024-25（查無 Google）,"約 ¥1,500–2,500／人","https://www.google.com/maps/search/?api=1&query=35.00450,135.76800",2026-07-14
71,MERCY Vegan Factory 京都駅店,京都,純素 Vegan｜餐酒館・定食,京都車站・下京區（ホテルエリートイン京都駅 B1F）,京都市下京区東堀川通下魚棚下る鎌屋町 3 B1F,34.98720,135.75350,週一・三-日 8:30-17:00 / 18:00-22:00；週二公休,2024 開幕・IG 活躍,"約 ¥1,200–2,500／人","https://www.google.com/maps/search/?api=1&query=34.98720,135.75350",2026-07-14
72,Premarché Gelateria 三条本店,京都,義式冰淇淋｜含純素選項,三条・中京區（二条城近・獨立店面）,京都市中京区三条通猪熊西入 御供町 308,35.01130,135.74560,週一二四 12:00-18:00；週五六日 12:00-20:00；週三公休,Yelp 2026/5（查無 Google）,約 ¥500–900／人,"https://www.google.com/maps/search/?api=1&query=35.01130,135.74560",2026-07-14
73,Vegan Ramen UZU Kyoto,京都,純素 Vegan｜拉麵（teamLab 藝術空間）,御所南・中京區（獨立店面）,京都市中京区梅之木町 146,35.01660,135.76090,需事前預約入場（時段見官網）,米其林 2024 收錄,"約 ¥1,800–3,000／人","https://www.google.com/maps/search/?api=1&query=35.01660,135.76090",2026-07-14
74,Kyoto Engine Ramen 京都炎神,京都,純素 Vegan・無麩質｜拉麵,河原町・中京區（新京極・獨立店面）,京都市中京区新京極（河原町商圈）,35.00500,135.76730,12:00-22:00（LO 前 30 分）；週二三公休,Tripadvisor 2024（查無 Google）,"約 ¥1,800–2,200／人","https://www.google.com/maps/search/?api=1&query=35.00500,135.76730",2026-07-14
75,らーめん千の風 Sen no Kaze,京都,蔬食友善｜拉麵（含 Vegan/清真）,河原町・中京區（新京極・獨立店面）,京都市中京区新京極通四条上ル中之町 580,35.00430,135.76750,11:30-21:00；週二三公休（現金限定）,Yelp 147 則（查無 Google）,"約 ¥1,000–1,800／人","https://www.google.com/maps/search/?api=1&query=35.00430,135.76750",2026-07-14
76,Vegan Ramen Towzen とうぜん,京都,純素 Vegan｜豆乳拉麵・壽司,下鴨・左京區（獨立店面）,京都市左京区下鴨東高木町 13-4,35.04370,135.77260,11:30-15:00 / 18:00-22:00；週四公休,2004 老店（查無 Google）,"約 ¥1,200–2,000／人","https://www.google.com/maps/search/?api=1&query=35.04370,135.77260",2026-07-14
77,Falafel Garden,京都,蔬食友善｜中東・以色列料理,出町柳・左京區（獨立店面）,京都市左京区田中上柳町 15-2,35.02940,135.77120,平日 11:30-15:00 / 17:30-21:00（LO 20:30）；週末 11:30-21:00；週三公休,Tabelog／Inside Kyoto,"約 ¥1,000–1,800／人","https://www.google.com/maps/search/?api=1&query=35.02940,135.77120",2026-07-14
78,都野菜 賀茂 烏丸店 Yasai Kamo,京都,蔬食友善｜京野菜自助餐 Buffet,京都車站・下京區（大宮通・MINISTOP 建物 2F）,京都市下京区大宮通り木津屋橋上る上之町 439-1,34.98800,135.74980,8:00-16:00 / 17:00-22:00（料理 LO 前 30 分）；元旦・1 月第二週二公休,"午 ¥1,180起（Tabelog）","午 ¥1,180／晚 ¥1,560 起（buffet）","https://www.google.com/maps/search/?api=1&query=34.98800,135.74980",2026-07-14
79,LUU's BAO 純素刈包,奈良,純素 Vegan｜台式刈包專門店,奈良町（ならまち）・中新屋町（獨立店面）,奈良市中新屋町 17-2,34.67802,135.83043,週三-日 11:00-16:30；週一二公休,HappyCow 4.5（149 則）,"約 ¥1,300–2,000／人","https://www.google.com/maps/search/?api=1&query=34.67802,135.83043",2026-07-14
80,onwa オンワ,奈良,純素 Vegan・無麩質｜咖啡・餐廳,三条大宮町・JR 奈良站周邊（獨立町家）,奈良市三条大宮町 3-23,34.67856,135.81614,週一-五・日 11:00-17:00；週六 11:00-20:00（不定休）,Tripadvisor 4.9（41）／Tabelog 3.30,"約 ¥1,000–1,999／人","https://www.google.com/maps/search/?api=1&query=34.67856,135.81614",2026-07-14
81,Naramachi Vegan Nabi 菜美,奈良,純素 Vegan・無麩質｜日式蔬食（需預約）,奈良町（ならまち）・東城戸町,奈良市東城戸町 14-1,34.67856,135.82781,週一・週五-日 12:00-17:00（電話/表單預約）；週二三四公休；售完為止,HappyCow 5.0（66 則）,無麩質午餐（現場確認）,"https://www.google.com/maps/search/?api=1&query=34.67856,135.82781",2026-07-14
82,Kururu 樞（くるる）,奈良,純素 Vegan｜自然派食療咖啡（需預約）,東向南町・近鐵奈良站（井上ビル 2F）,奈良市東向南町 5-1 井上ビル 2F,34.68247,135.82899,需事前預約；現金限定（官網 10:00-18:00；不定休）,Tabelog 3.04（HappyCow 高評）,偏高價位（需預約）,"https://www.google.com/maps/search/?api=1&query=34.68247,135.82899",2026-07-14
83,Somi sweets & coffee 素味,奈良,純素 Vegan・無麩質｜甜點・咖啡（外帶）,法蓮町・北町（獨立町家）,奈良市法蓮町 1232,34.69212,135.82796,11:00-18:00（外帶為主，不定休；建議查 IG）,Tabelog 3.02,甜點單品 ¥400–800,"https://www.google.com/maps/search/?api=1&query=34.69212,135.82796",2026-07-14
84,Vegan Soba Ramusa 楽夢咲,奈良,純素 Vegan｜手打蕎麥（週末限定）,奈良町（ならまち）・中院町,奈良市中院町 27-1,34.67884,135.83128,週六日 12:00-16:00；平日公休,5.0 ★（27 則）,"そば定食 ¥1,650","https://www.google.com/maps/search/?api=1&query=34.67884,135.83128",2026-07-14
85,鹿鳴園 Rokumeien,奈良,蔬食友善｜奈良公園茶屋（素選項有限）,雑司町・奈良公園（東大寺大佛殿往二月堂路上）,奈良市雑司町 407-4,34.68835,135.84265,09:00-17:00（不定休）,3.9 ★（278 則）,約 ¥600–999／人,"https://www.google.com/maps/search/?api=1&query=34.68835,135.84265",2026-07-14
86,China Dining 飛天 Hiten,奈良,蔬食友善｜中華料理（有純素套餐）,東向南町・東向商店街（近鐵奈良站 3 分）,奈良市東向南町 26,34.68271,135.82869,11:00-15:30 / 17:30-21:30；年中無休,4.2 ★（495 則）,"午 ¥1,000–1,999／純素套餐 ¥3,300","https://www.google.com/maps/search/?api=1&query=34.68271,135.82869",2026-07-14
87,Ashura アシュラ,奈良,蔬食友善｜印度・亞洲蔬食,北方町（近奈良町/京終）,奈良市北方町 18-3,34.67429,135.83173,週五-二 12:00-20:00；週三四公休,4.1 ★（73 則）,"約 ¥1,000–2,000／人","https://www.google.com/maps/search/?api=1&query=34.67429,135.83173",2026-07-14
88,Koyomi カフェこよみ,奈良,純素 Vegan・無麩質｜自家菜午餐・甜點,船橋町・近鐵奈良站（約 644m）,奈良市船橋町 22-2,34.68797,135.82197,週三-五 11:30-15:00（LO 14:00）；週一二六日公休（營業日不定，建議先確認）,4.3 ★（21 則）,"午餐套餐約 ¥1,200／人","https://www.google.com/maps/search/?api=1&query=34.68797,135.82197",2026-07-14
89,Vegan Friendly Ramen by Playpen Friends（奈良）,奈良,純素 Vegan｜拉麵,登大路町・奈良公園對面（大樓 2F）,奈良市登大路町 59-12 2F,34.68434,135.83708,週一・週三-日 11:00-17:00；週二公休,4.5 ★（277 則）,"約 ¥1,000–2,000／人（拉麵約 ¥2,000）","https://www.google.com/maps/search/?api=1&query=34.68434,135.83708",2026-07-14
90,高島屋 8F｜印度 BINDU ビンドゥ,大阪,印度料理（8F）,高島屋大阪店 8F・難波（南海ビル）,大阪市中央区難波 5-1-5 高島屋大阪店 8F,34.66506,135.50089,平日 11:00-15:30 / 17:00-22:30；六日祝 11:00-22:30,Tabelog 3.41（131 則）,"午 ¥1,000–1,999／晚 ¥2,000–2,999","https://www.google.com/maps/search/?api=1&query=34.66506,135.50089",2026-07-12
91,高島屋 8F｜ON THE SQUARE,大阪,一汁六菜定食・健康蔬食（8F）,高島屋大阪店 8F・難波,大阪市中央区難波 5-1-5 高島屋大阪店 8F,34.66494,135.50117,平日 11:00-15:30 / 17:00-22:00；六日祝 11:00-22:00,Tabelog 3.39（168 則）,"約 ¥2,000–2,999／人","https://www.google.com/maps/search/?api=1&query=34.66494,135.50117",2026-07-12
92,高島屋 7F｜一凛堂,大阪,義大利麵・喫茶・甜點（7F）,高島屋大阪店 7F・難波,大阪市中央区難波 5-1-5 高島屋大阪店 7F,34.66466,135.50129,11:00-22:00（LO21:00）,Tabelog 3.36（124 則）,"約 ¥1,000–1,999／人","https://www.google.com/maps/search/?api=1&query=34.66466,135.50129",2026-07-12
93,高島屋 B1｜豆狸 稻荷壽司,大阪,稻荷壽司・外帶（B1）,高島屋大阪店 B1・難波,大阪市中央区難波 5-1-5 高島屋大阪店 B1,34.66438,135.50117,10:00-20:00,Tabelog 3.06（51 則）,約 ¥999 以下,"https://www.google.com/maps/search/?api=1&query=34.66438,135.50117",2026-07-12
94,高島屋 B1｜越後屋甚兵衛 飯糰,大阪,飯糰・外帶（B1）,高島屋大阪店 B1・難波,大阪市中央区難波 5-1-5 高島屋大阪店 B1,34.66426,135.50089,約 10:00-20:00（依百貨）,Tabelog 3.04（10 則）,約 ¥999 以下,"https://www.google.com/maps/search/?api=1&query=34.66426,135.50089",2026-07-12
95,高島屋 B1｜泉北堂 石窯麵包,大阪,麵包・外帶（B1）,高島屋大阪店 B1・難波,大阪市中央区難波 5-1-5 高島屋大阪店 B1,34.66438,135.50061,10:00-20:00,Tabelog 3.27（36 則）,單品約數百円,"https://www.google.com/maps/search/?api=1&query=34.66438,135.50061",2026-07-12
96,高島屋 7F｜鼎泰豐,大阪,中華・點心（7F，部分素選項）,高島屋大阪店 7F・難波,大阪市中央区難波 5-1-5 高島屋大阪店 7F,34.66466,135.50049,11:00-22:00（週五六祝 -22:30）,Tabelog 3.31（499 則）,"午 ¥2,000–2,999／晚 ¥3,000–3,999","https://www.google.com/maps/search/?api=1&query=34.66466,135.50049",2026-07-12
97,高島屋 7F｜糖朝 港式甜點,大阪,港式甜點・飲茶（7F）,高島屋大阪店 7F・難波,大阪市中央区難波 5-1-5 高島屋大阪店 7F,34.66494,135.50061,11:00-22:00,Tabelog 3.17（149 則）,"約 ¥1,000–2,999／人","https://www.google.com/maps/search/?api=1&query=34.66494,135.50061",2026-07-12
98,大丸 10F｜タントタント 義式,大阪,義大利料理（10F）,大丸心斎橋店 10F・心齋橋,大阪市中央区心斎橋筋 1-7-1 大丸心斎橋店 10F,34.67432,135.50096,11:00-15:30 / 17:00-22:00（依百貨）,Tabelog 3.31（142 則）,"午 ¥2,000–2,999／晚 ¥3,000–3,999","https://www.google.com/maps/search/?api=1&query=34.67432,135.50096",2026-07-14
99,大丸 10F｜天婦羅圓堂,大阪,天婦羅・京割烹（10F，高價）,大丸心斎橋店 10F・心齋橋,大阪市中央区心斎橋筋 1-7-1 大丸心斎橋店 10F,34.67420,135.50124,11:00-22:00（LO21:00）,Tabelog 3.39（131 則）,"午 ¥6,000 起／晚 ¥10,000–15,000（高價）","https://www.google.com/maps/search/?api=1&query=34.67420,135.50124",2026-07-14
100,大丸 10F｜お茶屋バー 近江榮,大阪,京都茶屋風咖啡・甘味（10F）,大丸心斎橋店 10F・心齋橋,大阪市中央区心斎橋筋 1-7-1 大丸心斎橋店 10F,34.67392,135.50136,11:00-22:00,Tabelog 3.26（35 則）,"約 ¥1,000–2,999／人","https://www.google.com/maps/search/?api=1&query=34.67392,135.50136",2026-07-14
101,大丸 B2｜Café de Paris,大阪,韓系水果甜點咖啡（B2 フードホール）,大丸心斎橋店 B2 心斎橋フードホール・心齋橋,大阪市中央区心斎橋筋 1-7-1 大丸心斎橋店 B2,34.67364,135.50124,約 11:00-20:00（B2 フードホール整體最晚 23:00）,Tabelog 3.24（44 則）,"約 ¥1,000–1,999／人","https://www.google.com/maps/search/?api=1&query=34.67364,135.50124",2026-07-14
102,大丸 B2｜Fruits Belle 水果甜點,大阪,現做水果甜點（B2，2026 新開）,大丸心斎橋店 B2 心斎橋フードホール・心齋橋,大阪市中央区心斎橋筋 1-7-1 大丸心斎橋店 B2,34.67352,135.50096,11:00-22:00（芭菲/可麗餅 LO21:00）,查無（2026-02 新開，尚無評分）,"約 ¥1,000–2,500／人","https://www.google.com/maps/search/?api=1&query=34.67352,135.50096",2026-07-14
103,大丸 B2｜PAINDUCE Park 麵包,大阪,大阪名店麵包坊（B2，可外帶/現吃）,大丸心斎橋店 B2 心斎橋フードホール・心齋橋,大阪市中央区心斎橋筋 1-7-1 大丸心斎橋店 B2,34.67364,135.50068,約 10:00-20:00（イートイン較長）,Tabelog 3.28（66 則）,"約 ¥500–1,000／人","https://www.google.com/maps/search/?api=1&query=34.67364,135.50068",2026-07-14
104,大丸 B1｜りくろーおじさん 起司蛋糕,大阪,大阪名物・現烤起司蛋糕（B1，外帶）,大丸心斎橋店 B1・心齋橋,大阪市中央区心斎橋筋 1-7-1 大丸心斎橋店 B1,34.67392,135.50056,10:00-20:00,Tabelog 3.20（179 則）,"整模約 ¥965（每人 ¥300–1,000）","https://www.google.com/maps/search/?api=1&query=34.67392,135.50056",2026-07-14
105,大丸 B1｜RF1 蔬菜沙拉惣菜,大阪,沙拉・熟食惣菜（B1，外帶）,大丸心斎橋店 B1・心齋橋,大阪市中央区心斎橋筋 1-7-1 大丸心斎橋店 B1,34.67420,135.50068,10:00-20:00,查無（分店無獨立評分）,"每份約 ¥500–1,500","https://www.google.com/maps/search/?api=1&query=34.67420,135.50068",2026-07-14
106,阪急 13F｜おやさいガーデン TIERRA,大阪,野菜創作料理・蔬食定食（阪急 13F）,阪急うめだ本店 13F・梅田,大阪市北区角田町 8-7 阪急うめだ本店 13F,34.70280,135.49849,11:00-22:00（LO21:00）；1/1-1/2 公休,Tabelog 3.47（499 則）,"午 ¥1,000–1,999／晚 ¥3,000–3,999","https://www.google.com/maps/search/?api=1&query=34.70280,135.49849",2026-07-12
107,大丸梅田 B1｜V PALETTE 蔬食熟食,大阪,蔬菜系熟食・便當外帶（大丸梅田 B1）,大丸梅田店 B1・梅田,大阪市北区梅田 3-1-1 大丸梅田店 B1,34.70193,135.49663,10:00-20:00（依百貨，不定休）,Tabelog 3.00（僅 1 則・參考）,"惣菜約 ¥500–1,200／品","https://www.google.com/maps/search/?api=1&query=34.70193,135.49663",2026-07-12
108,LUCUA 10F｜ラヴァーニャ 義式,大阪,義式・Pizza/Pasta（LUCUA 10F）,LUCUA 大阪 10F・梅田（大阪站直結）,大阪市北区梅田 3-1-3 LUCUA 大阪 10F,34.70327,135.49626,午 11:00-15:30／晚 17:00-23:00（LO22:00）,Tabelog 3.38（235 則）,"午 ¥1,000–1,999／晚 ¥2,000–2,999","https://www.google.com/maps/search/?api=1&query=34.70327,135.49626",2026-07-12
109,LUCUA SOUTH 14F｜燦 Grill&Bar,大阪,燒烤＆野菜・義式グリル（LUCUA SOUTH 14F）,LUCUA SOUTH 14F・梅田,大阪市北区梅田 3-1-3 ルクアサウス 14F,34.70290,135.49650,11:00-16:00（LO15:00）／17:00-23:00（LO22:00）,Tabelog 3.45（411 則）,"午 ¥1,000–1,999／晚 ¥4,000–4,999","https://www.google.com/maps/search/?api=1&query=34.70290,135.49650",2026-07-12
110,阪神 9F｜一六茶寮 一汁六菜,大阪,和食・一汁六菜定食（阪神 9F）,阪神梅田本店 9F・梅田,大阪市北区梅田 1-13-13 阪神梅田本店 9F,34.70116,135.49861,11:00-22:00（LO21:00，不定休）,Tabelog 3.44（197 則）,"約 ¥2,000–2,999／人","https://www.google.com/maps/search/?api=1&query=34.70116,135.49861",2026-07-12
111,阪神 9F｜タブロ ラチェルバ 義麵,大阪,義式パスタ・甜點（阪神 9F フードホール）,阪神梅田本店 9F フードホール・梅田,大阪市北区梅田 1-13-13 阪神梅田本店 9F,34.70116,135.49861,11:00-22:00（LO 約 21:00）,Tabelog 3.36（81 則）,"約 ¥1,000–1,999／人","https://www.google.com/maps/search/?api=1&query=34.70116,135.49861",2026-07-12
112,Grand Front B1｜ERICK SOUTH 南印度,大阪,南印度料理・ミールス thali（Grand Front 南館 B1）,Grand Front 大阪 南館 B1・梅田,大阪市北区大深町 3-1 グランフロント大阪 南館 B1,34.70430,135.49555,11:00-22:00（LO21:00，全年無休）,Tabelog 3.32（272 則）,"約 ¥1,000–1,999／人","https://www.google.com/maps/search/?api=1&query=34.70430,135.49555",2026-07-12
113,Grand Front 7F｜BINDU 印度,大阪,印度料理・咖哩/烤餅（Grand Front 南館 7F）,Grand Front 大阪 南館 7F・梅田,大阪市北区大深町 3-1 グランフロント大阪 南館 7F,34.70430,135.49555,平日 11:00-15:30 / 17:00-23:00；六日祝 11:00-23:00,Tabelog 3.36（113 則）,"午 ¥1,000–1,999／晚 ¥2,000–2,999","https://www.google.com/maps/search/?api=1&query=34.70430,135.49555",2026-07-12
114,Grand Front｜Natural House 有機熟食,大阪,有機超市・蔬食熟食デリ・果汁 bar（うめきた広場 B1）,Grand Front 大阪 うめきた広場 B1・梅田,大阪市北区大深町 4-1 グランフロント大阪 うめきた広場 B1,34.70490,135.49505,10:00-22:00（不定休）,Tabelog 3.01（7 則）,"依採購（¥300–1,000）","https://www.google.com/maps/search/?api=1&query=34.70490,135.49505",2026-07-12
115,JR伊勢丹 11F｜京豆腐 不二乃,京都,豆腐・湯葉創作料理（JR伊勢丹 11F）,JR京都伊勢丹 11F・京都駅,京都市下京区烏丸通塩小路下ル JR京都伊勢丹 11F,34.98615,135.75877,11:00-22:00（LO21:15）；公休依伊勢丹,Tabelog 3.47（290 則）,"午 ¥2,000–2,999／晚 ¥6,000–7,999","https://www.google.com/maps/search/?api=1&query=34.98615,135.75877",2026-07-14
116,JR伊勢丹 11F｜松山閣 湯葉懷石,京都,京懷石・湯葉料理（可預約精進）（JR伊勢丹 11F）,JR京都伊勢丹 11F・京都駅,京都市下京区烏丸通塩小路下ル JR京都伊勢丹 11F,34.98605,135.75897,11:00-22:00（LO21:15）；公休依伊勢丹,Tabelog 3.46（311 則）,"午 ¥3,000–3,999／晚 ¥6,000–7,999","https://www.google.com/maps/search/?api=1&query=34.98605,135.75897",2026-07-14
117,京都駅ビル 2F｜京野菜料理 接方来,京都,京野菜料理・個室居酒屋（京都駅ビル 2F）,京都駅ビル 2F・京都駅,京都市下京区烏丸通塩小路下ル 京都駅ビル 2F,34.98585,135.75907,約 11:00-22:00；公休依駅ビル,Tabelog 3.47（431 則）,"午 ¥1,000–1,999／晚 ¥3,000–3,999","https://www.google.com/maps/search/?api=1&query=34.98585,135.75907",2026-07-14
118,京都駅ビル｜中村藤吉 抹茶甜點,京都,宇治茶甜點喫茶（京都駅ビル）,京都駅ビル（西/The CUBE 一帶）・京都駅,京都市下京区烏丸通塩小路下ル 京都駅ビル,34.98565,135.75897,約 11:00-22:00,"Tabelog 3.55（1,437 則）","約 ¥1,000–2,000／人","https://www.google.com/maps/search/?api=1&query=34.98565,135.75897",2026-07-14
119,JR伊勢丹 B2F｜ベジテリア 蔬果汁,京都,現打蔬果汁・湯・沙拉（JR伊勢丹 地下食品街）,JR京都伊勢丹 B2F 食品街・京都駅,京都市下京区烏丸通塩小路下ル JR京都伊勢丹 B2F,34.98555,135.75877,約 10:00-20:00（依伊勢丹）,Tabelog 3.05（18 則）,"約 ¥500–1,000／人","https://www.google.com/maps/search/?api=1&query=34.98555,135.75877",2026-07-14
120,京都ポルタ 11F｜先斗入ル 義麵,京都,京風義大利麵（京都ポルタ 11F）,京都ポルタ 11F ポルタダイニング・京都駅,京都市下京区東塩小路町 902 京都ポルタ 11F,34.98640,135.75860,11:00-22:00,Tabelog 3.08,"約 ¥1,000–1,999／人","https://www.google.com/maps/search/?api=1&query=34.98640,135.75860",2026-07-14
121,大丸京都 8F｜VEGGIE ISO TERRACE,京都,蔬菜熟食・沙拉吧・BBQ（大丸京都 8F）,大丸京都店 8F・四条高倉,京都市下京区四条通高倉西入立売西町 79 大丸京都店 8F,35.00459,135.76196,11:00-23:00（food LO22:00）,查無（大丸官方餐飲頁）,"午 ¥2,000–3,000／晚 ¥4,000–5,000","https://www.google.com/maps/search/?api=1&query=35.00459,135.76196",2026-07-14
122,大丸京都 8F｜LA RISOTTERIA 燉飯,京都,義式燉飯・義大利麵（大丸京都 8F）,大丸京都店 8F・四条高倉,京都市下京区四条通高倉西入立売西町 79 大丸京都店 8F,35.00439,135.76216,11:00-22:00,查無（大丸官方餐飲頁）,"約 ¥1,500–2,500／人","https://www.google.com/maps/search/?api=1&query=35.00439,135.76216",2026-07-14
123,大丸京都 3F｜HARBS 蛋糕,京都,蛋糕・咖啡（水果千層）（大丸京都 3F）,大丸京都店 3F・四条高倉,京都市下京区四条通高倉西入立売西町 79 大丸京都店 3F,35.00419,135.76196,約 10:00-20:00（依大丸）,查無（官方頁）,"約 ¥1,000–2,000／人","https://www.google.com/maps/search/?api=1&query=35.00419,135.76196",2026-07-14
124,髙島屋 T8｜LINA STORES 義麵,京都,義大利手工新鮮パスタ（T8 1F）,京都髙島屋 S.C. T8 1F・四条河原町,京都市下京区四条通河原町西入真町 52 T8,35.00340,135.76851,約 11:00-23:00（依 T8）,查無（T8 官方）,"約 ¥2,000–3,000／人","https://www.google.com/maps/search/?api=1&query=35.00340,135.76851",2026-07-14
125,髙島屋 T8｜進々堂 麵包,京都,麵包・咖啡（京都 1913 創業）（T8 B1）,京都髙島屋 S.C. T8 B1・四条河原町,京都市下京区四条通河原町西入真町 52 T8 B1,35.00320,135.76871,依 T8（約 10:00-20:00）,查無（T8 官方）,"約 ¥500–1,500／人","https://www.google.com/maps/search/?api=1&query=35.00320,135.76871",2026-07-14
126,髙島屋 T8｜GRANNY SMITH 蘋果派,京都,蘋果派・咖啡（T8 B1）,京都髙島屋 S.C. T8 B1・四条河原町,京都市下京区四条通河原町西入真町 52 T8 B1,35.00300,135.76851,依 T8,查無（T8 官方）,"約 ¥800–1,500／人","https://www.google.com/maps/search/?api=1&query=35.00300,135.76851",2026-07-14
127,玄米カフェ 実身美 あべの店,大阪,有機玄米健康食堂｜蔬食友善,阿倍野・阿倍野區（獨立店面・阿倍野駅步行 2 分）,大阪市阿倍野区阿倍野筋 2-4-39,34.64295,135.51233,11:00-21:00（LO20:30）；週日公休,Tabelog 3.47（370 則）,"約 ¥1,200–1,600／人","https://www.google.com/maps/search/?api=1&query=34.64295,135.51233",2026-07-12
128,玄三庵 天王寺MIO店,大阪,健康野菜食堂｜蔬食友善,天王寺・天王寺區（天王寺MIO プラザ館 4F）,大阪市天王寺区悲田院町 10-48 天王寺MIO プラザ館 4F,34.64773,135.51366,11:00-22:00（隨 MIO）,Tabelog 3.36（244 則）,"約 ¥1,000–1,999／人","https://www.google.com/maps/search/?api=1&query=34.64773,135.51366",2026-07-12
129,MOKUMOKU お日さまのえがお（HARUKAS）,大阪,農場野菜自助餐 buffet｜蔬食友善,阿倍野・阿倍野區（あべのハルカス タワー館 13F）,大阪市阿倍野区阿倍野筋 1-1-43 あべのハルカス近鉄本店 タワー館 13F,34.64598,135.51369,平日 11:00-16:00 / 17:00-22:00；假日至 22:00（不定休）,Tabelog 3.42（235 則）,"午 ¥2,400／晚 ¥2,900（吃到飽）","https://www.google.com/maps/search/?api=1&query=34.64598,135.51369",2026-07-12
130,お好み焼き ちとせ（新世界）,大阪,大阪燒（有素食版）｜蔬食友善,新世界/動物園前・西成區（通天閣旁・じゃんじゃん横丁南）,大阪市西成区太子 1-11-10,34.64753,135.50467,週一四五日 11:30-14:30 / 17:00-20:00；週六 11:30-14:15；週二三公休,Tabelog 3.66（348 則・百名店）,"約 ¥1,000–1,500／人","https://www.google.com/maps/search/?api=1&query=34.64753,135.50467",2026-07-12
131,my bowl マイボウル,大阪,純素 Vegan・無麩質｜蔬食碗・甜點,夕陽丘・天王寺區（獨立店面 1F）,大阪市天王寺区真法院町 11-3 1F,34.65666,135.52297,營業日不固定（約週一/四/六 11:00-15:00，請先查 IG/官網）,Tabelog 3.09（32 則）,"約 ¥1,000–1,999／人","https://www.google.com/maps/search/?api=1&query=34.65666,135.52297",2026-07-12
132,LiNGUA World Cafe,大阪,國際咖啡館（有純素選項）｜蔬食友善,上本町・谷町九丁目・天王寺區（ラルゴ上汐 1F）,大阪市天王寺区上汐 3-6-18 ラルゴ上汐 1F,34.66390,135.51616,週二-五 11:00-19:00；週六 10:00-21:00；週日 10:00-18:00；週一公休,Tabelog 3.18（30 則）,"約 ¥1,000–2,999／人","https://www.google.com/maps/search/?api=1&query=34.66390,135.51616",2026-07-12
133,GOLD FALAFEL,大阪,中東 falafel・純素｜蔬食,桑津・東住吉區（獨立店面・東部市場前駅步行 7 分）,大阪市東住吉区桑津 4-12-32,34.63788,135.53306,營業日極少/不定（約金土日，務必先電話/IG 確認）,Tabelog 3.12（14 則）,"約 ¥1,000–1,999／人","https://www.google.com/maps/search/?api=1&query=34.63788,135.53306",2026-07-12
134,Soleil 有機麵包工房 それいゆ,大阪,石臼石窯有機麵包烘焙坊｜蔬食友善,帝塚山・姫松・阿倍野區（獨立店面・姫松駅步行 1 分）,大阪市阿倍野区帝塚山（姫松駅 1 號出口）,34.62517,135.50381,8:00 起（售完為止）；週一二公休,Tabelog 3.62,"約 ¥500–1,000／人","https://www.google.com/maps/search/?api=1&query=34.62517,135.50381",2026-07-12
135,Buddha ブッダ（全素）,大阪,純素 Vegan・無麩質｜咖啡・Buddha bowl,森ノ宮・東成區（金井ビル 1F・近玉造）,大阪市東成区中道 1-8-15 金井ビル 1F,34.67781,135.53631,平日 10:30-15:30；六日假日 11:00-15:00；週日公休・週六不定休,Tabelog 3.19（38 則）,"約 ¥1,000–2,000／人","https://www.google.com/maps/search/?api=1&query=34.67781,135.53631",2026-07-12
136,玄米カフェ 実身美 京橋店,大阪,有機玄米定食・咖啡｜蔬食友善,京橋・都島區（京阪高架下「Kぶらっと」内）,大阪市都島区東野田町 1-6-1,34.69613,135.53039,週一-六假日 11:00-21:00；週日 11:00-15:00；第1・3・5 週日公休,Tabelog 3.45（261 則）,"約 ¥1,000–2,000／人","https://www.google.com/maps/search/?api=1&query=34.69613,135.53039",2026-07-12
137,スパイスバル JAY 京橋店,大阪,印度咖哩（吃到飽）｜蔬食友善,京橋・城東區（獨立店面・大阪城公園近）,大阪市城東区鴫野西 2-9-2,34.69221,135.53714,11:00-14:30 / 17:00-22:30；無休（1/1 除外）,Tabelog 3.25（74 則）,"午 ¥999–2,000／晚 ¥2,000–3,000（吃到飽）","https://www.google.com/maps/search/?api=1&query=34.69221,135.53714",2026-07-12
138,MICASADECO THE PARK 鬆餅,大阪,咖啡・鬆餅（早午餐）｜蔬食友善,大手前・馬場町・中央區（なノにわ C-2・大阪城南/難波宮跡旁）,大阪市中央区馬場町 3-65 なノにわ内 C-2,34.68209,135.52203,9:00-20:00（LO19:00，鬆餅供應至 17:00）,Tabelog 3.36（84 則）,"午 ¥1,000–2,000／晚 ¥2,000–3,000","https://www.google.com/maps/search/?api=1&query=34.68209,135.52203",2026-07-12
139,THE PORT on the green,大阪,咖啡・早午餐（有機/發酵/超級食物）｜蔬食友善,大手前・馬場町・中央區（なノにわ B-3・大阪城旁）,大阪市中央区馬場町 3-65 なノにわ B-3,34.68238,135.52195,8:00-22:00（LO21:00）,Tabelog 3.41,"約 ¥1,000–3,000／人","https://www.google.com/maps/search/?api=1&query=34.68238,135.52195",2026-07-12
140,VEGGIE ISM 沙拉碗,大阪,沙拉碗・冷湯專門（外帶/內用）｜蔬食友善,天満橋・北浜東・中央區（ART AJITO 1961 1F・大川南岸）,大阪市中央区北浜東 2-17 ART AJITO 1961 1F,34.68973,135.51410,平日 8:00-15:00；六日假日 10:00-15:00,Tabelog 3.00（6 則・新開）,"約 ¥1,000–2,000／人","https://www.google.com/maps/search/?api=1&query=34.68973,135.51410",2026-07-12
141,vege eats +plus,大阪,沙拉・三明治・飯糰（自種萵苣・外帶）｜蔬食友善,谷町四丁目・中央區（獨立店面 1F・近大手前）,大阪市中央区谷町 3-4-9 1F,34.68234,135.51698,週一-五 8:00-20:00；週六日假日公休,Tabelog 3.00（5 則）,約 ¥999 以內,"https://www.google.com/maps/search/?api=1&query=34.68234,135.51698",2026-07-12
142,aglio-olio 藥膳咖哩（全素）,大阪,藥膳咖哩・洋食｜全素 Vegan,難波千日前・中央區（裏なんば・獨立店面）,大阪市中央区難波千日前 7-4 スターハウスマンション 1F,34.66375,135.50430,週四-六 11:30-20:00／週日 11:30-15:30；週一二三公休（去前建議確認）,Tabelog 3.56（293 則・百名店）,"約 ¥1,000–1,999／人","https://www.google.com/maps/search/?api=1&query=34.66375,135.50430",2026-07-12
143,Falafel Sababa,大阪,中東・以色列料理｜蔬食友善,西心斎橋・中央區（アメリカ村・獨立店面）,大阪市中央区西心斎橋 2-17-13 New Corner Bldg,34.67043,135.49734,週二-四 11:30-20:00；週五-日 11:30-21:00；週一公休,HappyCow 4.0（82 則）,"約 ¥600–1,600／人","https://www.google.com/maps/search/?api=1&query=34.67043,135.49734",2026-07-14
144,すするか、すすらんか 麻婆豆腐拉麵,大阪,拉麵（麻婆豆腐拉麵）｜蔬食友善,東心斎橋・中央區（第一KSビル B1F・近長堀橋）,大阪市中央区東心斎橋 1-15-22 第一KSビル B1F,34.67230,135.50340,11:00-15:00 / 18:00-23:00；週二公休,Tabelog 3.52（511 則）,"約 ¥1,000–1,999／人","https://www.google.com/maps/search/?api=1&query=34.67230,135.50340",2026-07-14
145,発酵美食カフェ PRANA（全素）,大阪,發酵・長壽飲食(マクロビ)咖啡｜全素 Vegan,靭本町・西區（ベルアールビル 1F・近本町/四ツ橋・靭公園南）,大阪市西区靭本町 1-18-6 ベルアールビル 1F,34.68320,135.49480,11:00-18:00（LO17:30）；不定休（建議先確認）,Tabelog 3.14（24 則）,"午餐約 ¥1,000–1,999／人","https://www.google.com/maps/search/?api=1&query=34.68320,135.49480",2026-07-12
146,W RETREAT CAFE（腸活純素）,大阪,純素咖啡（腸活・せいろ蒸し・GF・有機）｜全素 Vegan,南船場・中央區（ラスターオン心斎橋ビル 10F・心斎橋/長堀）,大阪市中央区南船場 4-5-8 ラスターオン心斎橋ビル 10F,34.67420,135.49880,查無明確時段（官網有預約行事曆，建議 LINE 預約前確認）,查無（IG 為主）,需預約確認,"https://www.google.com/maps/search/?api=1&query=34.67420,135.49880",2026-07-14
148,ZIRAEL Vegan Restaurant（祇園）,京都,純素 Vegan｜創作料理,祇園・東山區（近八坂/清水寺一帶）,京都市東山区祇園（詳細見預約頁）,35.00507,135.77796,週三-日/假日 12:30-19:00（料理 LO18:30）；週一二公休（售完即打烊）,TripAdvisor 5.0／Tabelog 3.04（Google 約 4.9 整合站）,"午/晚 ¥1,501–2,000／人","https://www.google.com/maps/search/?api=1&query=35.00507,135.77796",2026-07-14
149,豆水楼 祇園店,京都,豆腐料理・京料理（有素食コース）｜蔬食友善,祇園・東山區（築 150 年町家）,京都市東山区祇園町（花見小路一帶）,34.99980,135.77750,11:30-15:00 / 17:00-21:00；年中無休（年末年始可能休）,Tabelog 3.40（129 則）／TripAdvisor 4.2,"素食懷石「六波羅」¥12,000（需預約）","https://www.google.com/maps/search/?api=1&query=34.99980,135.77750",2026-07-14
150,嵯峨とうふ 稲 北店（嵐山）,京都,豆腐・湯葉料理（有蔬食御膳）｜蔬食友善,嵐山・嵯峨・右京區（近天龍寺/竹林）,京都市右京区嵯峨天龍寺（北店）,35.01728,135.67690,11:00-19:00（LO）；年中無休（旺季延長）,Tabelog 3.39（161 則）,"ベジタリアン御膳 ¥2,180","https://www.google.com/maps/search/?api=1&query=35.01728,135.67690",2026-07-14
151,Musubi Sweets Factory（嵐山・全素甜點）,京都,純素 Vegan・無麩質｜甜點・烘焙,嵐山・右京區（渡月橋步行約 45 秒）,京都市右京区嵯峨天龍寺（渡月橋北側一帶）,35.01088,135.67772,10:00-18:00（LO 打烊前 1 小時）；週二不定休（假日照常）,Yahoo 4.67／Tabelog 3.08（10 則）,"甜點套組約 ¥1,030–1,200","https://www.google.com/maps/search/?api=1&query=35.01088,135.67772",2026-07-14
152,サガルマタ Sagarmatha 印度尼泊爾,大阪,印度/尼泊爾咖哩｜蔬食友善,天保山・港區（大阪港站步行 2 分・獨立店面）,大阪市港区築港 4-2-31,34.65443,135.43268,11:00-15:00 / 17:00-23:00（LO22:30）；每月 2 次週二晚公休,Google 4.6（637 則）,"午約 ¥1,000／晚 ¥1,000–2,000","https://www.google.com/maps/search/?api=1&query=34.65443,135.43268",2026-07-14
153,Pokhara Pacific 尼泊爾料理,大阪,尼泊爾/印度料理｜蔬食友善,弁天町・港區（弁天町站步行 7 分・獨立店面）,大阪市港区磯路 2-11-20,34.66465,135.46113,11:00-15:00 / 17:00-22:30（LO22:00）；公休去前確認,Google 4.2（43 則）,"午約 ¥1,000／晚 ¥1,000–2,000","https://www.google.com/maps/search/?api=1&query=34.66465,135.46113",2026-07-14
154,9 Borden Coffee,大阪,咖啡・輕食｜蔬食友善,天保山・港區（港振興ビル 1F・大阪港站 2 分）,大阪市港区築港 3-7-15 港振興ビル 111,34.65469,135.43298,7:30-18:00；僅元旦休,"Google 4.6（1,091 則）","約 ¥500–1,000／人","https://www.google.com/maps/search/?api=1&query=34.65469,135.43298",2026-07-14
155,Mother Moon Cafe 天保山店,大阪,鬆餅・甜點咖啡｜蔬食友善,天保山・港區（天保山マーケットプレース 2F・海遊館旁）,大阪市港区海岸通 1-1-10 天保山マーケットプレース 2F,34.65583,135.43027,10:00-21:00（LO20:00）；不定休(隨商場),Google 3.6（242 則）,"約 ¥1,000–2,000／人","https://www.google.com/maps/search/?api=1&query=34.65583,135.43027",2026-07-14
156,Vie de France 弁天町店,大阪,麵包烘焙＆咖啡｜蔬食友善,弁天町・港區（大阪ベイタワーイースト 2F・弁天町站即到）,大阪市港区弁天 1-2-2-200 大阪ベイタワーイースト 2F,34.67016,135.46066,7:00-20:30（LO20:00）；無休,Google 3.9（181 則）,"約 ¥150–1,000／人","https://www.google.com/maps/search/?api=1&query=34.67016,135.46066",2026-07-14
157,good siphon coffee 大阪ベイタワー,大阪,虹吸咖啡（併設書店）｜蔬食友善,弁天町・港區（大阪ベイタワーイースト 2F・弁天町站直結）,大阪市港区弁天 1-2-2 大阪ベイタワーイースト 2F,34.66974,135.46081,7:00-21:00（LO20:30）；無休,Google 4.3（71 則）,"約 ¥500–1,000／人","https://www.google.com/maps/search/?api=1&query=34.66974,135.46081",2026-07-14
158,Starbucks 海遊館店,大阪,連鎖咖啡｜蔬食友善,天保山・港區（海遊館館內・最靠水族館入口）,大阪市港区海岸通 1-1-10 海遊館,34.65498,135.42862,約 09:00-21:00；不定休(隨海遊館),Tabelog 3.06（53 則）,約 ¥500–800／人,"https://www.google.com/maps/search/?api=1&query=34.65498,135.42862",2026-07-14
159,喜菜亭 Kinatei（100% 素食）,奈良,100% 素食｜創作・拉麵/定食/懐石,JR奈良駅前・杉ヶ町（フェリス駅前ビル 1F）,奈良市杉ヶ町 25-1 フェリス駅前 1F,34.67774,135.82086,午 週二-日/假日 11:30-14:30；晚 18:00-22:00（需預約）；週一公休(晚可預約),Tabelog 3.06（9 則）／HappyCow 奈良 #4,"午約 ¥1,500–2,500（晚懐石較高）","https://www.google.com/maps/search/?api=1&query=34.67774,135.82086",2026-07-14
160,Big Mountain Cafe & Farm,奈良,GF＆Vegan 對應・自家農園咖啡（葷素混合）｜蔬食友善,近鉄奈良駅・西新在家町（獨立店面・免費停車）,奈良市西新在家町 20-1,34.68835,135.82502,週二＋每月第 3 週三公休；營業時間常變(前往前建議電話確認),Tabelog 3.10（23 則）,"午約 ¥1,500–2,500","https://www.google.com/maps/search/?api=1&query=34.68835,135.82502",2026-07-14
161,楽夢菜 Ramuna（純素・平日）,奈良,純素 Vegan｜咖啡（拉麵/發酵玄米/漢堡/甜點）,高畑町・奈良公園南（近新薬師寺・破石町巴士站）,奈良市高畑町 1028-5,34.67828,135.83537,週一-四 13:00-17:00；週五六日公休；不可預約,Tabelog 3.04（5 則）／HappyCow 奈良 #1,"午約 ¥1,200–1,800","https://www.google.com/maps/search/?api=1&query=34.67828,135.83537",2026-07-14
162,Pleased To Meet Me（法拉費喫茶）,奈良,喫茶・falafel｜蔬食友善,法蓮町・近鉄奈良駅北（獨立町家・やすらぎの道沿）,奈良市法蓮町 1249-1,34.69192,135.82616,週二三五 15:00-21:00；週六日 14:00-21:00；週一四公休,Tabelog 3.01（1 則・樣本少）,"約 ¥1,000–1,500＋飲品","https://www.google.com/maps/search/?api=1&query=34.69192,135.82616",2026-07-14
163,梅の花 奈良店（湯葉豆腐懐石）,奈良,湯葉・豆腐懐石・和食（需相談）｜蔬食友善,二名・富雄・西奈良（獨立店・沿富雄川，離觀光核心遠）,奈良市二名 1-2378,34.70550,135.73296,平日 11:00-15:30 / 17:00-21:30；週末 11:00-16:00 / 17:00-22:00,Tabelog 3.53（78 則）,"午 ¥3,000–5,000／晚 ¥4,000–7,000","https://www.google.com/maps/search/?api=1&query=34.70550,135.73296",2026-07-14
164,京都駅ビル 10F｜UNO RAMEN 純素豆乳拉麵,京都,純素拉麵（豆乳湯底・無麩質米粉麵）,京都駅ビル 10F 京都拉麺小路・京都駅,京都市下京区東塩小路町901 京都駅ビル10F,34.98586,135.75874,11:00-22:00（LO 21:30）；不定休,Tabelog 3.02,"約 ¥1,300–2,300／人（【花】¥2,310）","https://www.google.com/maps/search/?api=1&query=34.98586,135.75874",2026-07-14
165,京都BAL 4F｜Café&Meal MUJI 無印食堂,京都,無印良品食堂（蔬食友善・選惣菜）,京都BAL 4F・河原町三条,京都市中京区河原町通三条下ル山崎町251 京都BAL 4F,35.00696,135.76975,11:00-20:00（依BAL）,Tabelog 3.06,"約 ¥1,000–1,600／人","https://www.google.com/maps/search/?api=1&query=35.00696,135.76975",2026-07-14
166,髙島屋T8 B1F｜カフェ・ヴェルディ,京都,自家焙煎咖啡・烘焙（蔬食友善）,京都髙島屋 S.C.「T8」B1F・四条河原町,京都市下京区四条通河原町西入真町52 京都髙島屋T8 B1F,35.00353,135.76825,10:30-20:00（依T8）,Tabelog（百貨店內）,"咖啡/點心 約 ¥600–1,200／人","https://www.google.com/maps/search/?api=1&query=35.00353,135.76825",2026-07-14
167,京都髙島屋 7F｜アルポルトカフェ,京都,義式咖啡餐廳（蔬食友善）,京都髙島屋 本館 7F レストラン街・四条河原町,京都市下京区四条通河原町西入真町52 京都髙島屋7F,35.00321,135.76813,11:00-21:30（依髙島屋）,Tabelog（百貨店內）,"午餐 約 ¥1,500–2,500／人","https://www.google.com/maps/search/?api=1&query=35.00321,135.76813",2026-07-14
168,大丸京都 8F｜CAFFÈ TERRACE ISOLA,京都,甜點咖啡（蔬食友善）,大丸京都店 8F・四条烏丸,京都市下京区四条通高倉西入立売西町79 大丸京都8F,35.00430,135.76203,10:00-20:00（依大丸）,Tabelog（百貨店內）,"甜點＋飲品 約 ¥1,200–2,000／人","https://www.google.com/maps/search/?api=1&query=35.00430,135.76203",2026-07-14
169,大丸京都 8F｜丸福珈琲店 ザ・パーラー,京都,復古喫茶・甜點（蔬食友善）,大丸京都店 8F・四条烏丸,京都市下京区四条通高倉西入立売西町79 大丸京都8F,35.00392,135.76215,10:00-20:00（依大丸）,Tabelog（百貨店內）,"約 ¥1,000–1,800／人","https://www.google.com/maps/search/?api=1&query=35.00392,135.76215",2026-07-14
170,JR京都伊勢丹 6F｜茶寮都路里,京都,抹茶甜點（蔬食友善）,JR京都伊勢丹 6F・京都駅,京都市下京区烏丸通塩小路下ル JR京都伊勢丹6F,34.98626,135.75781,11:00-21:00（LO 20:00・依伊勢丹）,Tabelog（百貨店內）,"抹茶パフェ 約 ¥1,300–2,000／人","https://www.google.com/maps/search/?api=1&query=34.98626,135.75781",2026-07-14
171,京都ポルタ｜みのりカフェ,京都,自然食咖啡（蔬食友善）,京都ポルタ（京都駅前地下街）・京都駅,京都市下京区東塩小路町902 京都ポルタ,34.98694,135.75863,11:00-22:00（依ポルタ）,Tabelog（百貨店內）,"約 ¥1,000–1,800／人","https://www.google.com/maps/search/?api=1&query=34.98694,135.75863",2026-07-14
172,ヨドバシ京都 6F｜シアトルズベストコーヒー,京都,咖啡連鎖（蔬食友善）,ヨドバシカメラ京都 6F レストラン街・京都駅,京都市下京区烏丸通七条下ル東塩小路町590-2 ヨドバシ京都6F,34.98814,135.75870,10:00-22:30（依ヨドバシ）,Tabelog（百貨店內）,"咖啡/輕食 約 ¥500–1,200／人","https://www.google.com/maps/search/?api=1&query=34.98814,135.75870",2026-07-14
173,祇園｜UNO RAMEN 純素豆乳拉麵（本店）,京都,純素拉麵（豆乳湯底・無麩質米粉麵）,祇園四条・東山區,京都市東山区亀井町40,35.00242,135.77272,11:00-21:30（LO 21:30）；不定休,Tabelog 3.09／IG @unoyukiko.ramen,"約 ¥1,300–2,300／人","https://www.google.com/maps/search/?api=1&query=35.00242,135.77272",2026-07-14
174,素食カフェ Ren 四条大宮店（台灣素食）,京都,台灣素食・藥膳｜全素,壬生・中京區（四条大宮）,京都市中京区壬生坊城町12-7,35.00445,135.74670,11:30-20:00；週日公休,Tabelog 3.18／HappyCow 4.5,"約 ¥1,000–1,800／人","https://www.google.com/maps/search/?api=1&query=35.00445,135.74670",2026-07-14
175,菜食インドレストラン Shama 京都店,京都,印度蔬食｜蛋奶素,東山區（清水五条／東福寺方面）,京都市東山区鐘鋳町391-3,34.99379,135.77409,11:00-15:00 / 17:00-22:00（公休請電話確認）,HappyCow 5.0／TripAdvisor 4.0,"午 ¥1,200–1,800／晚 ¥2,000–3,000","https://www.google.com/maps/search/?api=1&query=34.99379,135.77409",2026-07-14
176,平和的ごはん パドマ Padma（純素京野菜）,京都,純素京野菜・印度香料料理｜全素,神宮丸太町／出町柳・左京區,京都市左京区下堤町82 恵美須ビル2F,35.01705,135.77271,12:00-19:00（食物 LO18:00）；週一・週四公休,Tabelog 3.08／HappyCow 4.5,"約 ¥1,500–2,500／人","https://www.google.com/maps/search/?api=1&query=35.01705,135.77271",2026-07-14
177,普廻 FUNE（純素未來粥）,京都,純素鹹粥定食・選物店｜全素,中京區（丸太町・高倉夷川）,京都市中京区高倉通夷川上ル福屋町717-1,35.01570,135.76227,12:00-18:00；週三公休,Tabelog 3.07／HappyCow 5.0,"約 ¥1,500–2,500／人","https://www.google.com/maps/search/?api=1&query=35.01570,135.76227",2026-07-14
178,アペリラ 純素麵包坊（ʼapelila）,京都,純素麵包坊・咖啡｜全素,高野／下鴨・左京區（近下鴨神社）,京都市左京区高野蓼原町36-3,35.03444,135.77524,約 10:00-16:00；週一・週二公休（不定休）,Tabelog 3.09／HappyCow 4.5,"麵包 ¥300–600／午餐 ¥1,000–1,500","https://www.google.com/maps/search/?api=1&query=35.03444,135.77524",2026-07-14
179,cafe planet（純素・無麩質）,京都,純素・無麩質咖啡｜全素 GF,出町柳・上京區（鴨川沿）,京都市上京区梶井町447-5,35.02927,135.77061,09:00-18:00（LO17:50）；週三公休,Tabelog 3.28,"約 ¥1,500–2,500／人","https://www.google.com/maps/search/?api=1&query=35.02927,135.77061",2026-07-14
180,Little Heaven（純素創作精進・預約制）,京都,純素創作/精進套餐｜全素（預約制）,嵯峨野・右京區（近嵐山）,京都市右京区嵯峨野開町8-29,35.01455,135.69881,12:00-22:00・不定休（建議預約；部分為預約制套餐）,HappyCow 5.0,"套餐約 ¥5,000+／人（預約制）","https://www.google.com/maps/search/?api=1&query=35.01455,135.69881",2026-07-14
181,CONTO 純素冰淇淋咖啡（2025 新開）,京都,純素冰淇淋/gelato・咖啡・甜甜圈（蔬食友善）,烏丸御池・中京區,京都市中京区御池通衣棚西入西横町174-1 1F,35.01112,135.75719,約 7:30-19:00（不定休；座位少、以外帶為主）,Tabelog 3.33／IG @conto_kyoto,冰 ¥600–900／咖啡 約 ¥500,"https://www.google.com/maps/search/?api=1&query=35.01112,135.75719",2026-07-14
182,MERCY Vegan Bakery 東九条（2026 新開）,京都,純素麵包專門｜全素,東九条・南區（九条駅徒步 6 分／京都駅徒步 15 分）,京都市南区東九条河西町4 ホテルエリート京都ステーション1F,34.98041,135.76443,7:00-售完為止；無固定公休,Tabelog 3.02（新店）,麵包 ¥300–600／個,"https://www.google.com/maps/search/?api=1&query=34.98041,135.76443",2026-07-14
183,Hyssop（GOOD NATURE STATION 4F）,京都,京野菜料理（蔬食友善・部分純素）,四条河原町・下京區（GOOD NATURE STATION 4F）,京都市下京区河原町通四条下ル2丁目稲荷町318-6 4F,35.00248,135.76885,午 11:30-14:30／brunch-16:30／晚 17:30-21:00,Tabelog 3.50（238 則）,"午 ¥2,000–3,000／晚 ¥5,000–6,000","https://www.google.com/maps/search/?api=1&query=35.00248,135.76885",2026-07-14
184,本と野菜 OyOy（新風館 1F）,京都,蔬食拼盤咖啡（蔬食友善）,烏丸御池・中京區（新風館 SHINPUH-KAN 1F）,京都市中京区場之町586-2 新風館1F,35.00926,135.76051,一/三/四 11:00-20:00(LO19:00)；五六日 11:00-21:00(LO20:00)；週二公休,Tabelog 3.37／IG @oyoy.kyoto,"約 ¥1,000–1,999／人","https://www.google.com/maps/search/?api=1&query=35.00926,135.76051",2026-07-14
185,Premarché Alternative Diner（窯烤披薩）,京都,窯烤披薩・餐酒（蔬食友善・有葷）,二条城前・中京區（三条會商店街）,京都市中京区三条堀川西入橋西町672 プレマヴィレッジ京都堀川三条2F,35.00862,135.75127,11:30-15:00(LO14:15) / 17:00-22:00(料理LO21:00)；週三公休,Tabelog 3.08,"約 ¥2,000–2,999／人","https://www.google.com/maps/search/?api=1&query=35.00862,135.75127",2026-07-14
186,Soup Stock Tokyo 心斎橋PARCO B1F,大阪,湯品專門（蔬食友善）,心斎橋PARCO B1F・心齋橋,大阪市中央区心斎橋筋1-8-3 心斎橋PARCO B1F,34.67386,135.50097,約 11:00-20:00（隨 PARCO）,Tabelog 3.07,"約 ¥800–1,300／人","https://www.google.com/maps/search/?api=1&query=34.67386,135.50097",2026-07-14
187,Himalayan Kitchen 心斎橋BIG STEP 3F,大阪,尼泊爾/印度料理（蛋奶素友善・共用廚房）,西心斎橋・アメリカ村（心斎橋ビッグステップ 3F）,大阪市中央区西心斎橋1-6-14 心斎橋ビッグステップ3F,34.67228,135.49875,11:00-23:00（L.O. 約 22:30・隨 BIG STEP）,Tabelog 3.19,"約 ¥1,000–1,800／人","https://www.google.com/maps/search/?api=1&query=34.67228,135.49875",2026-07-14
188,アリーズキッチン（ALI’S KITCHEN・巴基斯坦）,大阪,巴基斯坦/中東 halal（蛋奶素友善・共用廚房）,心斎橋筋（トレスビル B1F）,大阪市中央区心斎橋筋1-10-12 トレスビルB1F,34.67481,135.50095,11:00-15:00 / 17:00-22:00；週四公休,Tabelog 3.53,"約 ¥1,000–1,800／人","https://www.google.com/maps/search/?api=1&query=34.67481,135.50095",2026-07-14
189,ゴータマ Gautama（印度料理）,大阪,印度料理（蛋奶素友善・共用廚房）,西心斎橋・近長堀橋（シエロアズールビル B1F）,大阪市中央区西心斎橋1-1-10 シエロアズールビルB1F,34.67479,135.49948,平日 11:30-23:00(LO22:30)、日祝 11:30-22:00；無休,Tabelog 3.13,"午間套餐 ¥1,000–1,500","https://www.google.com/maps/search/?api=1&query=34.67479,135.49948",2026-07-14
190,GENMAI Cafe 玄米カフェ（需電話確認）,大阪,玄米自然食咖啡（蔬食友善・需確認無魚）,心斎橋筋（心斎橋⇄本町之間・第3酵素ビル 2F）,大阪市中央区南久宝寺町3-6-9 第3酵素ビル2F,34.68080,135.50100,2F Café 11:00-17:00；週四公休（座標約略・去前電話確認營業）,Vegewel／官方（Tabelog 舊頁閉店・需再確認）,"約 ¥1,000–1,700／人","https://www.google.com/maps/search/?api=1&query=34.68080,135.50100",2026-07-14
191,CHADO 抹茶燕麥拿鐵（有機・南船場）,大阪,抹茶專門咖啡（純素飲品友善）,南船場（路面店）,大阪市中央区南船場4-13-15,34.67622,135.49793,每日 10:00-17:00,HappyCow（2024-25 活躍）／IG @chado_jp,飲品 約 ¥600–900／人,"https://www.google.com/maps/search/?api=1&query=34.67622,135.49793",2026-07-14
192,お芋スイーツ 芋よし なんばマルイ 1F,大阪,番薯甜點專門（蔬食友善）,なんばマルイ(OIOI) 1F・難波（心齋橋南側）,大阪市中央区難波3-8-9 なんばマルイ1F,34.66552,135.50101,11:00-20:00（隨マルイ）,Tabelog 3.04／IG @imoyoshi_0109,"約 ¥500–1,200／人","https://www.google.com/maps/search/?api=1&query=34.66552,135.50101",2026-07-14
193,カスカード CASCADE なんばマルイ B1F,大阪,麵包坊（蛋奶素友善）,なんばマルイ(OIOI) B1F・難波,大阪市中央区難波3-8-9 なんばマルイB1F,34.66547,135.50073,一-六 8:00-21:30、日/假 8:00-21:00,Tabelog 3.39（288 則）,每個 ¥200–800,"https://www.google.com/maps/search/?api=1&query=34.66547,135.50073",2026-07-14
194,HARBS 心斎橋PARCO 3F（蛋糕）,大阪,蛋糕咖啡（蛋奶素友善）,心斎橋PARCO 3F・心齋橋,大阪市中央区心斎橋筋1-8-3 心斎橋PARCO3F,34.67386,135.50097,約 11:00-20:00（隨 PARCO）,Tabelog 3.09（128 則）,"蛋糕＋飲品 約 ¥1,500–2,500／人","https://www.google.com/maps/search/?api=1&query=34.67386,135.50097",2026-07-14
